{
  "evaluator_model": "openai/gpt-4o",
  "modes": {
    "strict": {
      "score": {
        "count": 248,
        "mean": 18.225806451612904,
        "median": 0.0,
        "min": 0,
        "max": 70,
        "p10": 0.0,
        "p25": 0.0,
        "p50": 0.0,
        "p75": 40.0,
        "p90": 60.0,
        "histogram_10pt": {
          "00-09": 154,
          "10-19": 3,
          "30-39": 20,
          "40-49": 25,
          "60-69": 33,
          "70-79": 13
        }
      },
      "confidence": {
        "count": 248,
        "mean": 0.8971774193548387,
        "median": 0.9
      }
    }
  }
}