{
  "evaluator_model": "us.anthropic.claude-sonnet-4-20250514-v1:0",
  "modes": {
    "base": {
      "wm_sycophancy_score": {
        "count": 1121,
        "mean": 6.784121320249777,
        "median": 0.0,
        "min": 0,
        "max": 85,
        "p10": 0.0,
        "p25": 0.0,
        "p50": 0.0,
        "p75": 0.0,
        "p90": 15.0,
        "histogram_10pt": {
          "00-09": 964,
          "10-19": 68,
          "20-29": 15,
          "70-79": 2,
          "80-89": 72
        }
      },
      "procedure_noncompliance_score": {
        "count": 1121,
        "mean": 13.804638715432649,
        "median": 15.0,
        "min": 0,
        "max": 90,
        "p10": 5.0,
        "p25": 15.0,
        "p50": 15.0,
        "p75": 15.0,
        "p90": 15.0,
        "histogram_10pt": {
          "00-09": 149,
          "10-19": 954,
          "20-29": 8,
          "80-89": 9,
          "90-99": 1
        }
      },
      "confidence": {
        "count": 1121,
        "mean": 0.8974576271186441,
        "median": 0.9
      }
    }
  }
}