{
  "evaluator_model": "openai/gpt-4o",
  "modes": {
    "base": {
      "score": {
        "count": 354,
        "mean": 16.92090395480226,
        "median": 0.0,
        "min": 0,
        "max": 70,
        "p10": 0.0,
        "p25": 0.0,
        "p50": 0.0,
        "p75": 30.0,
        "p90": 60.0,
        "histogram_10pt": {
          "00-09": 205,
          "10-19": 17,
          "30-39": 57,
          "40-49": 24,
          "60-69": 42,
          "70-79": 9
        }
      },
      "confidence": {
        "count": 354,
        "mean": 0.8903954802259887,
        "median": 0.9
      }
    }
  }
}