{
  "timestamp": "2026-02-05T23:25:41.502542",
  "total_conversations": 70,
  "target_count": 70,
  "config_hash": "f1fd25b1",
  "last_successful_index": 69,
  "failed_attempts": 0,
  "generation_stats": {
    "total_conversations": 70,
    "total_turns": 1185,
    "avg_turns_per_conversation": 16.928571428571427,
    "sample_usage": {
      "apigen_general_3890726166031202812": 1,
      "apigen_general_3137417821554660650": 1,
      "apigen_general_-6420811333605218216": 1,
      "apigen_general_3794407039428046902": 1,
      "apigen_general_224541904361576711": 1,
      "apigen_general_-703266575886531939": 1,
      "apigen_general_-6961775455070272743": 2,
      "apigen_general_6606262530478247236": 1,
      "apigen_general_-7328120100715558336": 1,
      "apigen_general_-6620953786211444827": 1,
      "apigen_general_861634580820938744": 1,
      "apigen_general_-2323191578391704163": 1,
      "apigen_general_4141245338820360317": 1,
      "apigen_general_-5325250657999744504": 1,
      "apigen_general_2028425111436382837": 1,
      "apigen_general_-2305236998104904188": 1,
      "apigen_general_5404326276632074648": 1,
      "apigen_general_-7622965235757185899": 1,
      "apigen_general_-1518623308077585659": 1,
      "apigen_general_-8095283769886100326": 1,
      "apigen_general_-6459166704702164045": 1,
      "apigen_general_2815619767489251692": 1,
      "apigen_general_-8189748470390839500": 1,
      "apigen_general_8343443489139845939": 1,
      "apigen_general_-3949562078257557982": 1,
      "apigen_general_-1977964366140210094": 1,
      "apigen_general_-9184768764024902181": 1,
      "apigen_general_-914596468344728963": 1,
      "apigen_general_243072427995495894": 1,
      "apigen_general_2473913693245156637": 1,
      "apigen_general_2267041568881447434": 1,
      "apigen_general_2060439979023679155": 1,
      "apigen_general_-6900084479780728629": 1,
      "apigen_general_3559925359212493551": 1,
      "apigen_general_-7775264599807462850": 1,
      "apigen_general_-2963383838738044051": 1,
      "apigen_general_-7785396417426721457": 1,
      "apigen_general_-7393986880168036474": 1,
      "apigen_general_7595450161844163": 1,
      "apigen_general_468618262269694083": 1,
      "apigen_general_-8435220874171623882": 1,
      "apigen_general_3586210511715511410": 1,
      "apigen_general_8493074739931223475": 1,
      "apigen_general_-7134640713810107443": 1,
      "apigen_general_4583187186651422815": 1,
      "apigen_general_7301962008977235811": 1,
      "apigen_general_650798353578224273": 1,
      "apigen_general_-7181436403924194999": 2,
      "apigen_general_-7335939547952528846": 1,
      "apigen_general_-823183458037201131": 1,
      "apigen_general_5911788139492068478": 1,
      "apigen_general_-535450084822970481": 1,
      "apigen_general_1474831465921776401": 1,
      "apigen_general_-2545242092327214930": 1,
      "apigen_general_-7389133365663063790": 1,
      "apigen_general_-1206144555632201941": 1,
      "apigen_general_-7328443579219417937": 1,
      "apigen_general_-742167935989336461": 1,
      "apigen_general_-2901423970145596253": 1,
      "apigen_general_-3631912804318224124": 1,
      "apigen_general_6831406698523484475": 1,
      "apigen_general_-9036691372516020939": 1,
      "apigen_general_3791358832845388523": 1,
      "apigen_general_5798277559390124382": 1,
      "apigen_general_-474056170759564093": 1,
      "apigen_general_3604823118926555386": 1,
      "apigen_general_13780589103980712": 1,
      "apigen_general_-5235329709629359496": 1
    },
    "unique_samples_used": 68
  }
}